model,dataset,mean_EM,mean_F1
gpt41mini,hotpot,0.0,0.001052
gpt41mini,squad,0.0,0.009054
llama31,hotpot,0.04,0.0764418
llama31,squad,0.10400000000000001,0.3331048
